Table key:
~            = It is possible that this apparent recombination signal could have been caused by an evolutionary
               process other than recombination.
*            = The actual breakpoint position is undetermined (it was most likely either overprinted by a subsequent 
               recombination event or off the edges of the analysed sequence fragments).
^            = The recombinant sequence may have been misidentified (one of the identified parents might be the recombinant)
Minor Parent = Parent contributing the smaller fraction of sequence.
Major Parent = Parent contributing the larger fraction of sequence.
Unknown      = Only one parent and a recombinant need be in the alignment for a recombination event to be detectable.
               The sequence listed as unknown was used to infer the existance of a missing parental sequence.
NS           = No significant P-value was recorded for this recombination event using the particular method in question.

,,,Breakpoint Positions
,,In Alignment, ,In Recombinant Sequence, ,Relative to APRAV1/NC_026439_2010,,, , , , , , Detection Methods
Recombination Event Number, Number In .RDP File, Begin, End,Begin, End,Begin, End, Recombinant Sequence(s), Minor Parental Sequence(s), Major Parental Sequence(s), RDP, GENECONV, Bootscan, Maxchi, Chimaera, SiSscan,PhylPro, LARD, 3Seq
 1 ,1, 4668, 1822, 4353, 1747, 4347, 1744,^PRRSVEU/CHI_JX187609_2011,PRRSVEU/CHI_GU047344_2006,PRRSVEU/CHI_KY363382_2016,NS, 2.1867666213156E-25, 7.06056498349877E-30, 4.09716323798647E-16, 6.25123175371051E-08, 2.06398103287971E-26,NS,NS, 2.40651477301235E-07,

 2 ,2, 4640, 1094, 4340, 1037, 4340, 1031,PRRSVEU/FRA_KY767026_2014,PRRSVEU/NET_KF991509_1996,PRRSVEU/SPA_KC862570_1991, 4.15420479299921E-20, 5.20996206689518E-18, 4.17847045305496E-20, 4.50907481853569E-07, 1.36931385789467E-08, 2.80596188826567E-09,NS,NS, 4.39016501612423E-26,

 3 ,3, 2478, 4660, 2346, 4366, 2349, 4341,^PRRSVUS/USA_KY348849_2001,PRRSVUS/USA_KY348852_2000,Unknown (PRRSVUS/DEN_KC862579_2010),NS, 6.75978113563189E-18, 1.46000423562461E-19, 1.90026288743356E-15, 8.0248334014664E-13, 1.84064543963577E-27,NS,NS, 1.24099291465285E-06,
 3,,,,,,,,,PRRSVUS/USA_KY348850_2000,

 4 ,4, 368, 2898, 323, 2733, 320, 2739,PRRSVEU/CHI_KT224385_2014,PRRSVEU/SPA_KC862570_1991,PRRSVEU/CHI_GU047344_2006, 7.60664533238244E-10, .000247764577032, 3.56323869973262E-08, 1.14908300848464E-13, 7.2837475303289E-06, 1.11396807287179E-21,NS,NS, 1.30518372605357E-02,

 5 ,5, 1204, 1827, 1144, 1752, 1138, 1749,PRRSVUS/USA_KY348849_2001,PRRSVUS/USA_KT257944_2014,Unknown (PRRSVUS/USA_KT257956_2014), 4.73573043571926E-07, 5.02554988010598E-11, 1.29802616755593E-06, 6.06233464617545E-09, 2.0660378244037E-04, 3.65365354931842E-15,NS,NS, 8.08623527764119E-04,
 5,,,,,,,,,PRRSVUS/CHI_FJ899592_2003,
 5,,,,,,,,,PRRSVUS/CHI_JN864948_2007,
 5,,,,,,,,,PRRSVUS/CHI_JX857698_2011,
 5,,,,,,,,,PRRSVUS/CHI_KF771273_2011,
 5,,,,,,,,,PRRSVUS/DEN_KC862576_1997,
 5,,,,,,,,,PRRSVUS/DEN_KC862577_2011,
 5,,,,,,,,,PRRSVUS/DEN_KC862578_2004,
 5,,,,,,,,,PRRSVUS/DEN_KC862580_2010,
 5,,,,,,,,,PRRSVUS/DEN_KC862581_2010,
 5,,,,,,,,,PRRSVUS/DEN_KC862583_2010,
 5,,,,,,,,,PRRSVUS/DEN_KF183946_2010,
 5,,,,,,,,,PRRSVUS/DEN_KF183947_2011,
 5,,,,,,,,,PRRSVUS/KOR_AY585241_1997,
 5,,,,,,,,,PRRSVUS/USA_AF046869_1997,
 5,,,,,,,,,PRRSVUS/USA_JQ087873_2010,
 5,,,,,,,,,PRRSVUS/USA_KC469618_1995,
 5,,,,,,,,,PRRSVUS/USA_KT257945_2014,
 5,,,,,,,,,PRRSVUS/USA_KT257946_2014,
 5,,,,,,,,,PRRSVUS/USA_KT257947_2014,
 5,,,,,,,,,PRRSVUS/USA_KU131564_1995,
 5,,,,,,,,,PRRSVUS/USA_KX462792_2012,
 5,,,,,,,,,PRRSVUS/VR2332/EF536003_1990,

 6 ,7, 3428, 453, 3224, 408, 3257, 405,^PRRSVUS/USA_KY348848_2004,Unknown (PRRSVUS/USA_KY348850_2000),PRRSVUS/CHI_KX815428_2015,NS,NS, 2.77837965465758E-07, 2.08525055929246E-10, 5.8985147158415E-13, 1.99358860107483E-04,NS,NS, 3.69531811927892E-07,
 6,,,,,,,,,Unknown(PRRSVUS/USA_KY348852_2000),

 7 ,8, 1036, 1964, 979, 1889, 973, 1886,PRRSVEU/DEN_KC862569_2011,PRRSVEU/DEN_KC862566_1992,PRRSVEU/NET_KF991509_1996,NS,NS,NS, 7.52189424805939E-08, 3.56443956336877E-05,NS,NS,NS,NS,
 7,,,,,,,,,PRRSVEU/DEN_KC862572_2003,PRRSVEU/DEN_KC862567_2011
 7,,,,,,,,,,PRRSVEU/DEN_KC862568_2010
 7,,,,,,,,,,PRRSVEU/DEN_KC862573_2008

 8 ,9, 3925, 4508, 3703, 4253, 3730, 4241,^PRRSVUS/USA_KY348850_2000,PRRSVUS/CHI_KX815423_2015,PRRSVUS/DEN_KF183946_2010, 4.4930027793731E-07,NS,NS, 9.02372499223567E-04, 1.61226064643036E-03, 7.88165736750426E-03,NS,NS, 3.99994860267316E-06,
 8,,,,,,,,PRRSVUS/USA_KY348849_2001,,PRRSVUS/CHI_FJ899592_2003
 8,,,,,,,,PRRSVUS/USA_KY348852_2000,,PRRSVUS/CHI_JN864948_2007
 8,,,,,,,,,,PRRSVUS/CHI_JX857698_2011
 8,,,,,,,,,,PRRSVUS/DEN_KC862575_2012
 8,,,,,,,,,,PRRSVUS/DEN_KC862576_1997
 8,,,,,,,,,,PRRSVUS/DEN_KC862577_2011
 8,,,,,,,,,,PRRSVUS/DEN_KC862578_2004
 8,,,,,,,,,,PRRSVUS/DEN_KC862580_2010
 8,,,,,,,,,,PRRSVUS/DEN_KC862581_2010
 8,,,,,,,,,,PRRSVUS/DEN_KC862582_2008
 8,,,,,,,,,,PRRSVUS/DEN_KC862583_2010
 8,,,,,,,,,,PRRSVUS/DEN_KC862584_2003
 8,,,,,,,,,,PRRSVUS/DEN_KC862585_2004
 8,,,,,,,,,,PRRSVUS/DEN_KF183947_2011
 8,,,,,,,,,,PRRSVUS/KOR_AY585241_1997
 8,,,,,,,,,,PRRSVUS/USA_AF046869_1997
 8,,,,,,,,,,PRRSVUS/USA_JQ087873_2010
 8,,,,,,,,,,PRRSVUS/USA_KC469618_1995
 8,,,,,,,,,,PRRSVUS/USA_KT257944_2014
 8,,,,,,,,,,PRRSVUS/USA_KT257945_2014
 8,,,,,,,,,,PRRSVUS/USA_KT257946_2014
 8,,,,,,,,,,PRRSVUS/USA_KT257947_2014
 8,,,,,,,,,,PRRSVUS/USA_KU131564_1995
 8,,,,,,,,,,PRRSVUS/USA_KX462792_2012
 8,,,,,,,,,,PRRSVUS/USA_KY348851_2000
 8,,,,,,,,,,PRRSVUS/VR2332/EF536003_1990

 9 ,29~, 3204, 3320, 3099, 3215, 3039, 3149,^EAV/GQ903811_2008,PRRSVEU/BEG_GU737264_2007,Unknown (PRRSVUS/HUN_KM514315_2012), 3.27378804808663E-02,NS,NS,NS,NS, 9.00479910491449E-44,NS,NS,NS,
 9,,,,,,,,EAV/AY349167_1996[T],PRRSVEU/BEL_KT159249_2013,
 9,,,,,,,,EAV/AY349168_2001[T],,
 9,,,,,,,,EAV/EU586273_1960[T],,
 9,,,,,,,,EAV/EU586274_1961,,
 9,,,,,,,,EAV/EU586275_2004[T],,
 9,,,,,,,,EAV/GQ903794_2006[T],,
 9,,,,,,,,EAV/GQ903795_2007[T],,
 9,,,,,,,,EAV/GQ903796_2006[T],,
 9,,,,,,,,EAV/GQ903800_2007[T],,
 9,,,,,,,,EAV/LC000003_2012[T],,

~            = It is possible that this apparent recombination signal could have been caused by an evolutionary
               process other than recombination.
*            = The actual breakpoint position is undetermined (it was most likely either overprinted by a subsequent 
               recombination event or off the edges of the analysed sequence fragments).
^            = The recombinant sequence may have been misidentified (one of the identified parents might be the recombinant)
Minor Parent = Parent contributing the smaller fraction of sequence.
Major Parent = Parent contributing the larger fraction of sequence.
Unknown      = Only one parent and a recombinant need be in the alignment for a recombination event to be detectable.
               The sequence listed as unknown was used to infer the existance of a missing parental sequence.
NS           = No significant P-value was recorded for this recombination event using the particular method in question.
