Table key:
~            = It is possible that this apparent recombination signal could have been caused by an evolutionary
               process other than recombination.
*            = The actual breakpoint position is undetermined (it was most likely either overprinted by a subsequent 
               recombination event or off the edges of the analysed sequence fragments).
^            = The recombinant sequence may have been misidentified (one of the identified parents might be the recombinant)
Minor Parent = Parent contributing the smaller fraction of sequence.
Major Parent = Parent contributing the larger fraction of sequence.
Unknown      = Only one parent and a recombinant need be in the alignment for a recombination event to be detectable.
               The sequence listed as unknown was used to infer the existance of a missing parental sequence.
NS           = No significant P-value was recorded for this recombination event using the particular method in question.

,,,Breakpoint Positions
,,In Alignment, ,In Recombinant Sequence, ,Relative to APRAV1/NC_026439_2010,,, , , , , , Detection Methods
Recombination Event Number, Number In .RDP File, Begin, End,Begin, End,Begin, End, Recombinant Sequence(s), Minor Parental Sequence(s), Major Parental Sequence(s), RDP, GENECONV, Bootscan, Maxchi, Chimaera, SiSscan,PhylPro, LARD, 3Seq
 1 ,1, 466, 3110, 367, 2309, 430, 2136,^PRRSVEU/CHI_JX187609_2011,PRRSVEU/CHI_GU047344_2006,PRRSVEU/CHI_KM196101_2012, 1.52724501603811E-53, 4.87737634378447E-61, 9.07878657920857E-33, 2.27353379094943E-26, 9.29981609886721E-24, 1.11882028617981E-42,NS,NS, 2.21033198617387E-20,

 2 ,2, 8870, 2416, 7109, 1825, 6767, 1735,PRRSVUS/CHI_KX815428_2015,Unknown (PRRSVUS/CHI_KX766379_2016),PRRSVUS/CHI_KX815423_2015, 7.20346602580267E-28,NS, 8.57422123684827E-08, 1.17425238707506E-19, 1.65478945583238E-10, 7.40947382828115E-23,NS,NS, 3.10359048974887E-38,

 3 ,3, 796, 4287, 685, 3168, 733, 2862,^PRRSVEU/CHI_KC492504_2011,PRRSVEU/CHI_GU047344_2006,PRRSVEU/DEN_KC862572_2003, 2.82942003670921E-25,NS, 2.82852399288262E-13, 2.43124798136537E-20, 3.53843412119113E-22, 1.77913166246513E-30,NS,NS, 8.19903648641152E-07,
 3,,,,,,,,PRRSVEU/CHI_KC492505_2011,,
 3,,,,,,,,PRRSVEU/CHI_KC492506_2011,,

 4 ,4, 6177, 8864*, 4701, 7103*, 4395, 6761*,PRRSVUS/CHI_KX766379_2016,PRRSVUS/USA_KY348850_2000,PRRSVUS/CHI_KX815428_2015, 5.78467675445057E-07,NS, 1.84182367285622E-05, 1.47574984968582E-24, 6.69669903510443E-23, 2.24059962636686E-06,NS,NS, 1.91854190257034E-27,
 4,,,,,,,,,PRRSVUS/USA_KY348852_2000,

 5 ,6, 6179, 1306, 4748, 1147, 4397, 1216,PRRSVEU/FRA_KY767026_2014,PRRSVEU/NET_KF991509_1996,PRRSVEU/SPA_KC862570_1991, 1.35268223000333E-06, 1.75223298764385E-17, 2.39134261771192E-19, 5.26229842955634E-20, 2.6825662150144E-18, 7.25183185722246E-20,NS,NS, 1.89899064712234E-17,

 6 ,9, 4605, 5458, 3132, 3898, 2931, 3715,PRRSVEU/DEN_KC862573_2008,PRRSVEU/CHI_GU047345_2009,PRRSVEU/NET_KF991509_1996, 5.66334704789381E-16,NS, 3.41525058206365E-07, 1.51300665895522E-08, 1.76510841520814E-07,NS,NS,NS,NS,

 7 ,13, 7886, 2568, 6341, 1911, 5978, 1848,PRRSVEU/CHI_KT224385_2014,PRRSVEU/CHI_GU047344_2006,PRRSVEU/SPA_KC862570_1991,NS,NS, 1.51069599710487E-06, 1.76384857207179E-13, 9.51783349504453E-17, 2.2660838188109E-04,NS,NS, 9.91123697855478E-05,
 7,,,,,,,,,,PRRSVEU/CHI_KF001144_2011
 7,,,,,,,,,,PRRSVEU/HUN_KJ415276_2012
 7,,,,,,,,,,PRRSVEU/SPA_KF203132_1991

 8 ,14, 5480*, 6203, 3915*, 4550, 3732*, 4421,PRRSVEU/DEN_KC862573_2008,Unknown (PRRSVEU/HUN_KJ415276_2012),PRRSVEU/DEN_KC862568_2010, 1.55381878838838E-12,NS, 8.74646284314467E-12, 8.48049894169421E-06, 1.64272666249472E-06, 1.2272753084984E-07,NS,NS,NS,
 8,,,,,,,,,Unknown(PRRSVEU/CHI_KT224385_2014),PRRSVEU/DEN_KC862567_2011
 8,,,,,,,,,,PRRSVEU/DEN_KC862569_2011
 8,,,,,,,,,,PRRSVEU/DEN_KC862574_2012
 8,,,,,,,,,,PRRSVEU/HUN_KR296711_2011
 8,,,,,,,,,,PRRSVEU/Lelystad_M96262_1991
 8,,,,,,,,,,PRRSVEU/NET_KF991509_1996

 9 ,17, 8370, 8856, 6738, 7152, 6411, 6753,PRRSVEU/CHI_JX187609_2011,PRRSVEU/CHI_GU047344_2006,PRRSVEU/CHI_KY363382_2016,NS, 1.66393586489963E-11, 2.24367146850438E-08, 9.76374650263353E-07, 1.57295112306983E-06, 4.26736012720592E-09,NS,NS, 2.93455324920422E-03,

 10 ,19, 7917, 8358, 6315, 6696, 6009, 6399,PRRSVUS/USA_KY348849_2001,PRRSVUS/CHI_KX815428_2015,PRRSVUS/USA_KY348848_2004, 2.66445662196995E-10,NS, 3.49266843218149E-11, 1.21202192752771E-05, 2.56399536007138E-05, 5.48965384895898E-07,NS,NS, 6.34514663033769E-11,

 11 ,28, 2432, 3216, 1778, 2334, 1751, 2196,^PRRSVEU/BEL_KT159248_2013,PRRSVEU/DEN_KC862567_2011,Unknown (PRRSVEU/GER_KT344816_2009), 2.98032582880596E-10, 3.92310068111912E-09,NS, 6.4197874638371E-08, 6.31148023716344E-05, 2.36940497244013E-18,NS,NS, 1.18600162271065E-03,
 11,,,,,,,,,PRRSVEU/DEN_KC862566_1992,
 11,,,,,,,,,PRRSVEU/DEN_KC862568_2010,
 11,,,,,,,,,PRRSVEU/DEN_KC862569_2011,
 11,,,,,,,,,PRRSVEU/HUN_KR296711_2011,
 11,,,,,,,,,PRRSVEU/Lelystad_M96262_1991,
 11,,,,,,,,,PRRSVEU/NET_KF991509_1996,
 11,,,,,,,,,PRRSVEU/SPA_KC862570_1991,
 11,,,,,,,,,PRRSVEU/SPA_KF203132_1991,
 11,,,,,,,,,PRRSVEU/USA_KU131560_2003,

 12 ,33, 268, 3674, 175, 2765, 244, 2528,^PRRSVEU/DEN_KC862568_2010,Unknown (PRRSVEU/DEN_KC862569_2011),PRRSVEU/NET_KF991509_1996, 1.32345233916397E-04,NS,NS, 2.33089929388819E-08,NS, 6.60684003089267E-03,NS,NS, 4.25077145260744E-07,
 12,,,,,,,,,,PRRSVEU/HUN_KR296711_2011
 12,,,,,,,,,,PRRSVEU/Lelystad_M96262_1991

 13 ,34~, 4172, 4211, 3386, 3422, 2786, 2814,^PRRSVUS/USA_KY348851_2000,Unknown (PRRSVUS/USA_KY348848_2004),PRRSVUS/DEN_KC862577_2011, 5.54123129207066E-08, 4.29655190765932E-08,NS,NS,NS,NS,NS,NS, 2.42196032091957E-03,
 13,,,,,,,,,,PRRSVUS/CHI_FJ899592_2003
 13,,,,,,,,,,PRRSVUS/CHI_JN864948_2007
 13,,,,,,,,,,PRRSVUS/CHI_JX857698_2011
 13,,,,,,,,,,PRRSVUS/CHI_KF771273_2011
 13,,,,,,,,,,PRRSVUS/DEN_KC862576_1997
 13,,,,,,,,,,PRRSVUS/DEN_KC862578_2004
 13,,,,,,,,,,PRRSVUS/DEN_KC862580_2010
 13,,,,,,,,,,PRRSVUS/DEN_KC862581_2010
 13,,,,,,,,,,PRRSVUS/DEN_KC862583_2010
 13,,,,,,,,,,PRRSVUS/DEN_KF183947_2011
 13,,,,,,,,,,PRRSVUS/KOR_AY585241_1997
 13,,,,,,,,,,PRRSVUS/USA_JQ087873_2010
 13,,,,,,,,,,PRRSVUS/USA_KC469618_1995
 13,,,,,,,,,,PRRSVUS/USA_KT257944_2014
 13,,,,,,,,,,PRRSVUS/USA_KT257945_2014
 13,,,,,,,,,,PRRSVUS/USA_KT257946_2014
 13,,,,,,,,,,PRRSVUS/USA_KT257947_2014
 13,,,,,,,,,,PRRSVUS/USA_KU131564_1995
 13,,,,,,,,,,PRRSVUS/USA_KX462792_2012
 13,,,,,,,,,,PRRSVUS/VR2332/EF536003_1990

 14 ,35, 7340, 7860, 5798, 6258, 5498, 5952,^PRRSVUS/CHI_KX815428_2015,PRRSVUS/USA_KY348850_2000,PRRSVUS/USA_KY348848_2004, 5.13433816590479E-08,NS, 6.19943739443891E-07,NS,NS, 1.32566869196701E-07,NS,NS,NS,
 14,,,,,,,,PRRSVUS/CHI_KX815423_2015[P],PRRSVUS/USA_KY348852_2000,

 15 ,38, 4679, 5390, 3425, 4052, 3002, 3647,PRRSVEU/FRA_KY767026_2014,PRRSVEU/NET_KF991509_1996,PRRSVEU/SPA_KC862570_1991, 1.38757216446783E-07, 7.17752522459408E-04, 4.95669897833087E-03, .023064844657196, 2.82489172097478E-02,NS,NS,NS, 6.48028021649205E-05,

 16 ,39~, 2853, 3891, 2073, 2847, 2025, 2607,PRRSVEU/GER_KT344816_2009,Unknown (PRRSVEU/KOR_KT033457_2007),PRRSVEU/AUT_KT326148_2013,NS,NS,NS, 2.13176377567958E-07, 5.05953285379478E-06,NS,NS,NS, 1.70172382892964E-03,

 17 ,44~, 8858, 373, 7169, 277, 6755, 340,PRRSVEU/FRA_KY767026_2014,PRRSVEU/SPA_KC862570_1991,PRRSVEU/HUN_KR296711_2011, 4.56315664628798E-07, 2.41393733747038E-05, 9.12326431426382E-04,NS,NS, 3.58313471413463E-04,NS,NS, 1.26580391770492E-04,
 17,,,,,,,,,,PRRSVEU/Lelystad_M96262_1991

 18 ,45, 3921, 4796, 2895, 3498, 2637, 3084,^PRRSVEU/CHI_KT224385_2014,PRRSVEU/FRA_KY366411_2005,PRRSVEU/CHI_KF001144_2011,NS,NS,NS, 1.70490129251107E-06, 8.04205680092428E-04,NS,NS,NS, 2.45548104683024E-04,

 19 ,52, 2688, 3879, 1989, 2778, 1962, 2595,^PRRSVEU/KOR_FJ349261_2007,PRRSVEU/DEN_KC862569_2011,Unknown (PRRSVEU/BEL_KT159249_2013), 3.15743498815629E-05,NS,NS, 4.16929856929777E-04,NS, 8.42780774279233E-18,NS,NS,NS,
 19,,,,,,,,PRRSVEU/KOR_KT033457_2007,PRRSVEU/HUN_KR296711_2011,Unknown(PRRSVEU/BEG_GU737264_2007)
 19,,,,,,,,,PRRSVEU/Lelystad_M96262_1991,
 19,,,,,,,,,PRRSVEU/NET_KF991509_1996,

 20 ,53, 7424, 328, 5885, 235, 5582, 295,^PRRSVEU/AUT_KT334375_2014,PRRSVEU/KOR_FJ349261_2007,PRRSVEU/DEN_KC862566_1992,NS,NS,NS, 9.13057135191971E-07, 5.15226132817953E-06, 1.59764520300869E-11,NS,NS,NS,
 20,,,,,,,,,PRRSVEU/KOR_KT033457_2007,PRRSVEU/DEN_KC862571_2003
 20,,,,,,,,,,PRRSVEU/DEN_KC862572_2003

 21 ,58~, 6371, 6826, 4916, 5329, 4568, 4996,^PRRSVEU/AUT_KT326148_2013,Unknown (PRRSVEU/DEN_KC862567_2011),PRRSVEU/KOR_FJ349261_2007,NS,NS,NS, 5.88964280346513E-05, 7.03451662814857E-05, 1.52417090418118E-05,NS,NS, 4.29407789326319E-08,
 21,,,,,,,,,Unknown(PRRSVEU/DEN_KC862568_2010),PRRSVEU/KOR_KT033457_2007
 21,,,,,,,,,Unknown(PRRSVEU/DEN_KC862569_2011),
 21,,,,,,,,,Unknown(PRRSVEU/DEN_KC862574_2012),
 21,,,,,,,,,Unknown(PRRSVEU/HUN_KR296711_2011),
 21,,,,,,,,,Unknown(PRRSVEU/Lelystad_M96262_1991),
 21,,,,,,,,,Unknown(PRRSVEU/NET_KF991509_1996),
 21,,,,,,,,,Unknown(PRRSVEU/SPA_KC862570_1991),
 21,,,,,,,,,Unknown(PRRSVEU/SPA_KF203132_1991),

 22 ,64, 6304, 6822, 4855, 5325, 4504, 4992,PRRSVEU/GER_KT344816_2009,Unknown (PRRSVEU/FRA_KY767026_2014),PRRSVEU/KOR_KT033457_2007, 1.01780787163431E-02,NS, 1.70975265612342E-02, 2.2413609769467E-04, 3.12828360930193E-05, 4.86752392250647E-05,NS,NS, 4.03705966889323E-06,
 22,,,,,,,,,Unknown(PRRSVEU/CHI_GU047344_2006),PRRSVEU/KOR_FJ349261_2007
 22,,,,,,,,,Unknown(PRRSVEU/DEN_KC862567_2011),
 22,,,,,,,,,Unknown(PRRSVEU/DEN_KC862568_2010),
 22,,,,,,,,,Unknown(PRRSVEU/DEN_KC862569_2011),
 22,,,,,,,,,Unknown(PRRSVEU/DEN_KC862573_2008),
 22,,,,,,,,,Unknown(PRRSVEU/DEN_KC862574_2012),
 22,,,,,,,,,Unknown(PRRSVEU/HUN_KR296711_2011),
 22,,,,,,,,,Unknown(PRRSVEU/Lelystad_M96262_1991),
 22,,,,,,,,,Unknown(PRRSVEU/NET_KF991509_1996),
 22,,,,,,,,,Unknown(PRRSVEU/USA_KU131560_2003),

 23 ,69, 3974*, 5799, 2930*, 4380, 2690*, 4038,^PRRSVEU/GER_KT344816_2009,PRRSVEU/Lelystad_M96262_1991,PRRSVEU/KOR_FJ349261_2007, 2.94687078638785E-04,NS,NS, 1.67398416829186E-06, 4.63076611244509E-04, 9.1862282287141E-03,NS,NS, 1.0043349046529E-05,
 23,,,,,,,,,PRRSVEU/HUN_KR296711_2011,PRRSVEU/KOR_KT033457_2007

 24 ,83, 3380*, 7984, 2639*, 6778, 2339*, 6076,^PRRSVUS/USA_KY348851_2000,PRRSVUS/DEN_KC862578_2004,Unknown (PRRSVUS/DEN_KC862575_2012),NS,NS,NS, 1.13627711911804E-04, 2.69790360634169E-03,NS,NS,NS,NS,

 25 ,115~, 3552, 4278, 2631, 3144, 2424, 2862,^PRRSVEU/AUT_KT334375_2014,PRRSVEU/SUI_KX622783_2012,Unknown (PRRSVEU/CHI_GU047345_2009), 1.49174640016749E-02,NS,NS,NS,NS, 1.79111280324896E-07,NS,NS,NS,

 26 ,128~, 2692*, 3188, 1996*, 2382, 1966*, 2168,^PRRSVEU/DEN_KC862566_1992,Unknown (PRRSVEU/Lelystad_M96262_1991),PRRSVEU/DEN_KC862572_2003, 6.27536774443181E-03,NS,NS,NS,NS, 4.91183167353885E-09,NS,NS,NS,

~            = It is possible that this apparent recombination signal could have been caused by an evolutionary
               process other than recombination.
*            = The actual breakpoint position is undetermined (it was most likely either overprinted by a subsequent 
               recombination event or off the edges of the analysed sequence fragments).
^            = The recombinant sequence may have been misidentified (one of the identified parents might be the recombinant)
Minor Parent = Parent contributing the smaller fraction of sequence.
Major Parent = Parent contributing the larger fraction of sequence.
Unknown      = Only one parent and a recombinant need be in the alignment for a recombination event to be detectable.
               The sequence listed as unknown was used to infer the existance of a missing parental sequence.
NS           = No significant P-value was recorded for this recombination event using the particular method in question.
