Table key:
~            = It is possible that this apparent recombination signal could have been caused by an evolutionary
               process other than recombination.
*            = The actual breakpoint position is undetermined (it was most likely either overprinted by a subsequent 
               recombination event or off the edges of the analysed sequence fragments).
^            = The recombinant sequence may have been misidentified (one of the identified parents might be the recombinant)
Minor Parent = Parent contributing the smaller fraction of sequence.
Major Parent = Parent contributing the larger fraction of sequence.
Unknown      = Only one parent and a recombinant need be in the alignment for a recombination event to be detectable.
               The sequence listed as unknown was used to infer the existance of a missing parental sequence.
NS           = No significant P-value was recorded for this recombination event using the particular method in question.

,,,Breakpoint Positions
,,In Alignment, ,In Recombinant Sequence, ,Relative to MgAV1/MN242368_2016,,, , , , , , Detection Methods
Recombination Event Number, Number In .RDP File, Begin, End,Begin, End,Begin, End, Recombinant Sequence(s), Minor Parental Sequence(s), Major Parental Sequence(s), RDP, GENECONV, Bootscan, Maxchi, Chimaera, SiSscan,PhylPro, LARD, 3Seq
 1 ,1, 366, 2978, 366, 2309, 366, 2456,PRRSVEU/CHI_JX187609_2011,PRRSVEU/CHI_GU047344_2006,PRRSVEU/CHI_KM196101_2012, 7.51437042465559E-54, 2.39977293510672E-61, 2.90442147184147E-32, 1.1186269982065E-26, 4.5757073890703E-24, 2.83691925533131E-41,NS,NS, 1.08753036553767E-20,

 2 ,2, 2303, 5766, 1820, 4701, 1862, 4971,^PRRSVUS/CHI_KX766379_2016,PRRSVUS/CHI_KX815428_2015,PRRSVUS/USA_KY348852_2000, 6.53194790285028E-60, 2.29885862299761E-54, 5.33528000435865E-51, 8.2499544641016E-36, 1.47577158883376E-23, 4.44018015718941E-49,NS,NS, 3.23691518568902E-45,
 2,,,,,,,,,,PRRSVUS/USA_KY348850_2000

 3 ,3, 688, 4101, 685, 3168, 670, 3384,^PRRSVEU/CHI_KC492506_2011,PRRSVEU/CHI_GU047344_2006,PRRSVEU/DEN_KC862572_2003, 6.39680276822875E-25,NS, 2.20185249578155E-14, 1.33088701487472E-20, 1.90355567358634E-22, 7.36970376628314E-29,NS,NS, 1.23753687385486E-05,
 3,,,,,,,,PRRSVEU/CHI_KC492504_2011,,
 3,,,,,,,,PRRSVEU/CHI_KC492505_2011,,

 4 ,4, 8292, 2293, 7095, 1810, 7449, 1852,PRRSVUS/CHI_KX815428_2015,PRRSVUS/USA_KT257947_2014,PRRSVUS/CHI_KX815423_2015,NS,NS, 2.93242501658491E-18, 1.64356861286475E-24, 3.66071935577616E-21, 8.70106328834285E-11,NS,NS, 3.30064882271098E-39,
 4,,,,,,,,,PRRSVUS/USA_KT257945_2014,
 4,,,,,,,,,PRRSVUS/USA_KT257946_2014,

 5 ,5, 134, 2254*, 134, 1771*, 134, 1831*,PRRSVUS/CHI_KX766379_2016,PRRSVUS/CHI_KX815423_2015,PRRSVUS/USA_KY348850_2000, 4.77891851644384E-21, 3.42413795636357E-10,NS, 5.20261474925233E-14, 3.09354061066199E-20, 2.03976273408103E-25,NS,NS, 3.41318177331833E-27,
 5,,,,,,,,,,PRRSVUS/USA_KY348852_2000

 6 ,6, 5768, 1176, 4748, 1149, 4973, 1146,PRRSVEU/FRA_KY767026_2014,PRRSVEU/NET_KF991509_1996,PRRSVEU/SPA_KC862570_1991, 6.65548437634618E-07, 8.62135911473702E-18, 2.11364331543287E-16, 2.58916279113809E-20, 1.319879653664E-18, 3.37930690910184E-20,NS,NS, 9.34343802440515E-18,

 7 ,7, 4485, 5792, 3249, 4550, 3699, 4997,PRRSVEU/DEN_KC862573_2008,Unknown (PRRSVEU/CHI_KT224385_2014),PRRSVEU/DEN_KC862568_2010, 1.87331640164132E-16,NS, 1.24121874691992E-14, 2.54294367808577E-07, 1.61528864694126E-08, 9.24498348825368E-10,NS,NS,NS,
 7,,,,,,,,,,PRRSVEU/DEN_KC862567_2011
 7,,,,,,,,,,PRRSVEU/DEN_KC862574_2012
 7,,,,,,,,,,PRRSVEU/HUN_KR296711_2011
 7,,,,,,,,,,PRRSVEU/Lelystad_M96262_1991
 7,,,,,,,,,,PRRSVEU/NET_KF991509_1996

 8 ,8, 7352, 2462, 6341, 1911, 6554, 2006,PRRSVEU/CHI_KT224385_2014,PRRSVEU/CHI_GU047344_2006,PRRSVEU/SPA_KC862570_1991,NS,NS, 1.24935119631442E-06, 8.62136780712659E-14, 1.04485816121398E-16, 4.64541101649231E-04,NS,NS, .015390306271417,
 8,,,,,,,,,,PRRSVEU/CHI_KF001144_2011
 8,,,,,,,,,,PRRSVEU/HUN_KJ415276_2012
 8,,,,,,,,,,PRRSVEU/SPA_KF203132_1991

 9 ,9, 7809, 8298, 6738, 7158, 6978, 7455,PRRSVEU/CHI_JX187609_2011,PRRSVEU/CHI_GU047344_2006,PRRSVEU/CHI_KY363382_2016,NS, 6.15729100146016E-12, 3.11151442210482E-10, 4.79016650416177E-07, 1.35629394265566E-06, 1.51848699771123E-10,NS,NS, 3.65710259882035E-03,

 10 ,10, 3198, 4416, 2277, 3363, 2628, 3633,^PRRSVUS/CHI_KX815423_2015,PRRSVUS/USA_KY348848_2004,PRRSVUS/USA_KY348851_2000, 4.27496564811214E-11,NS, 2.03044129239003E-10, 1.40245656797037E-07, 3.71284650119479E-06, 2.02190835140442E-20,NS,NS, 2.47888346522673E-04,
 10,,,,,,,,PRRSVUS/CHI_KX766379_2016,,PRRSVUS/CHI_FJ899592_2003
 10,,,,,,,,PRRSVUS/CHI_KX815428_2015,,PRRSVUS/CHI_JN864948_2007
 10,,,,,,,,,,PRRSVUS/CHI_JX857698_2011
 10,,,,,,,,,,PRRSVUS/CHI_KF771273_2011
 10,,,,,,,,,,PRRSVUS/DEN_KC862575_2012
 10,,,,,,,,,,PRRSVUS/DEN_KC862576_1997
 10,,,,,,,,,,PRRSVUS/DEN_KC862577_2011
 10,,,,,,,,,,PRRSVUS/DEN_KC862578_2004
 10,,,,,,,,,,PRRSVUS/DEN_KC862579_2010
 10,,,,,,,,,,PRRSVUS/DEN_KC862580_2010
 10,,,,,,,,,,PRRSVUS/DEN_KC862581_2010
 10,,,,,,,,,,PRRSVUS/DEN_KC862582_2008
 10,,,,,,,,,,PRRSVUS/DEN_KC862583_2010
 10,,,,,,,,,,PRRSVUS/DEN_KC862584_2003
 10,,,,,,,,,,PRRSVUS/DEN_KC862585_2004
 10,,,,,,,,,,PRRSVUS/DEN_KF183946_2010
 10,,,,,,,,,,PRRSVUS/DEN_KF183947_2011
 10,,,,,,,,,,PRRSVUS/KOR_AY585241_1997
 10,,,,,,,,,,PRRSVUS/USA_AF046869_1997
 10,,,,,,,,,,PRRSVUS/USA_JQ087873_2010
 10,,,,,,,,,,PRRSVUS/USA_KC469618_1995
 10,,,,,,,,,,PRRSVUS/USA_KT257944_2014
 10,,,,,,,,,,PRRSVUS/USA_KT257945_2014
 10,,,,,,,,,,PRRSVUS/USA_KT257946_2014
 10,,,,,,,,,,PRRSVUS/USA_KT257947_2014
 10,,,,,,,,,,PRRSVUS/USA_KU131564_1995
 10,,,,,,,,,,PRRSVUS/USA_KX462792_2012
 10,,,,,,,,,,PRRSVUS/VR2332/EF536003_1990

 11 ,11, 7383, 7791, 6315, 6690, 6585, 6960,PRRSVUS/USA_KY348849_2001,PRRSVUS/CHI_KX815428_2015,PRRSVUS/USA_KY348848_2004, 1.10514626930004E-10,NS, 2.00152792463371E-08, 1.89106402186835E-04, 1.01666297548759E-05, 9.13469974531546E-07,NS,NS, 7.80486786311485E-12,

 12 ,12, 2510, 3716, 1940, 2834, 2054, 2999,^PRRSVEU/GER_KT344816_2009,Unknown (PRRSVEU/NET_KF991509_1996),PRRSVEU/AUT_KT326148_2013, 8.41364208766949E-06,NS, 4.21314182173473E-04, 3.63239250592842E-09, 1.17587063364653E-09, 2.26759374678819E-04,NS,NS, 3.93267410036069E-03,
 12,,,,,,,,,Unknown(PRRSVEU/DEN_KC862567_2011),
 12,,,,,,,,,Unknown(PRRSVEU/DEN_KC862568_2010),
 12,,,,,,,,,Unknown(PRRSVEU/HUN_KR296711_2011),
 12,,,,,,,,,Unknown(PRRSVEU/Lelystad_M96262_1991),

 13 ,16~, 4439, 5066, 3425, 4052, 3653, 4280,PRRSVEU/FRA_KY767026_2014,PRRSVEU/NET_KF991509_1996,PRRSVEU/SPA_KC862570_1991, 6.82715027730182E-08, 3.53149512380294E-04, 2.43880135901918E-03, 4.50360086076657E-02, 1.38990683079876E-02,NS,NS,NS, 3.18848822570272E-05,

 14 ,17~, 8292, 278, 7167, 278, 7449, 278,^PRRSVEU/FRA_KY767026_2014,PRRSVEU/SPA_KC862570_1991,PRRSVEU/HUN_KR296711_2011, 2.24517015841297E-07, 1.18770853040431E-05, 4.00794955464342E-05, 3.12622306395838E-02,NS, 3.06597081153406E-03,NS,NS, 6.22822483927754E-05,
 14,,,,,,,,,,PRRSVEU/DEN_KC862567_2011
 14,,,,,,,,,,PRRSVEU/Lelystad_M96262_1991
 14,,,,,,,,,,PRRSVEU/NET_KF991509_1996

 15 ,18, 6950, 2567, 5885, 1994, 6152, 2084,^PRRSVEU/AUT_KT334375_2014,PRRSVEU/KOR_FJ349261_2007,Unknown (PRRSVEU/DEN_KC862566_1992),NS,NS, 3.50114350610585E-03, 5.35061129786182E-07, 2.14808135318447E-04, 1.44831470241255E-05,NS,NS, 2.60352325350639E-02,
 15,,,,,,,,,PRRSVEU/KOR_KT033457_2007,Unknown(PRRSVEU/DEN_KC862571_2003)

 16 ,19~, 3734, 4810, 2870, 3811, 3017, 4024,PRRSVEU/CHI_KT224385_2014,Unknown (PRRSVEU/FRA_KY366411_2005),PRRSVEU/SPA_KF203132_1991,NS,NS,NS, 7.57011349842246E-07, 6.90754689344054E-05, 1.00572276764596E-05,NS,NS, 4.18147152898007E-04,

 17 ,21, 122*, 1000, 122*, 976, 122*, 976,^PRRSVUS/USA_KY348848_2004,PRRSVUS/CHI_KX815423_2015,PRRSVUS/USA_KY348849_2001, 1.76607231506317E-02,NS,NS, 2.12058981125215E-05, 1.77919599914733E-05,NS,NS,NS,NS,

 18 ,22~, 5939, 6354, 4916, 5328, 5144, 5559,^PRRSVEU/AUT_KT326148_2013,Unknown (PRRSVEU/DEN_KC862567_2011),PRRSVEU/KOR_FJ349261_2007, 3.21912701847624E-02,NS, 3.19375648288337E-02, 3.40948865700136E-05, 2.8228821432456E-05,NS,NS,NS, 2.14946058729737E-08,
 18,,,,,,,,,Unknown(PRRSVEU/DEN_KC862568_2010),PRRSVEU/KOR_KT033457_2007
 18,,,,,,,,,Unknown(PRRSVEU/DEN_KC862574_2012),
 18,,,,,,,,,Unknown(PRRSVEU/HUN_KR296711_2011),
 18,,,,,,,,,Unknown(PRRSVEU/NET_KF991509_1996),
 18,,,,,,,,,Unknown(PRRSVEU/SPA_KC862570_1991),
 18,,,,,,,,,Unknown(PRRSVEU/SPA_KF203132_1991),
 18,,,,,,,,,Unknown(PRRSVEU/USA_KU131560_2003),

 19 ,23~, 2562, 3718, 1989, 2779, 2079, 3001,^PRRSVEU/KOR_FJ349261_2007,PRRSVEU/Lelystad_M96262_1991,Unknown (PRRSVEU/BEL_KT159249_2013), 3.980797005006E-05,NS, 2.67676235650099E-06, 3.10045947550063E-04, 9.15019265225414E-03, 9.05489432051513E-10,NS,NS, 6.13041772340317E-03,
 19,,,,,,,,PRRSVEU/KOR_KT033457_2007,PRRSVEU/DEN_KC862568_2010,Unknown(PRRSVEU/BEG_GU737264_2007)
 19,,,,,,,,,PRRSVEU/HUN_KR296711_2011,
 19,,,,,,,,,PRRSVEU/NET_KF991509_1996,
 19,,,,,,,,,PRRSVEU/USA_KU131560_2003,

 20 ,26, 3224, 7450, 2639, 6778, 2654, 6652,^PRRSVUS/USA_KY348851_2000,PRRSVUS/DEN_KC862578_2004,Unknown (PRRSVUS/DEN_KC862575_2012),NS,NS,NS, 4.17386900240342E-05, 4.26753717617612E-04,NS,NS,NS,NS,
 20,,,,,,,,,PRRSVUS/CHI_FJ899592_2003,
 20,,,,,,,,,PRRSVUS/CHI_JN864948_2007,
 20,,,,,,,,,PRRSVUS/DEN_KC862576_1997,
 20,,,,,,,,,PRRSVUS/DEN_KC862577_2011,
 20,,,,,,,,,PRRSVUS/DEN_KC862581_2010,
 20,,,,,,,,,PRRSVUS/USA_JQ087873_2010,
 20,,,,,,,,,PRRSVUS/USA_KC469618_1995,
 20,,,,,,,,,PRRSVUS/USA_KT257945_2014,
 20,,,,,,,,,PRRSVUS/USA_KT257946_2014,
 20,,,,,,,,,PRRSVUS/USA_KT257947_2014,
 20,,,,,,,,,PRRSVUS/USA_KU131564_1995,
 20,,,,,,,,,PRRSVUS/USA_KX462792_2012,
 20,,,,,,,,,PRRSVUS/VR2332/EF536003_1990,

 21 ,27~, 6866, 7694, 5798, 6626, 6068, 6896,^PRRSVUS/USA_KY348848_2004,Unknown (PRRSVUS/CHI_KX815428_2015),PRRSVUS/USA_KY348850_2000, 4.66105951995777E-05,NS, 3.52898459024714E-03, 1.88724919598299E-05, 2.50725821537022E-07, 5.18786261156248E-10,NS,NS, 7.43473339170908E-06,
 21,,,,,,,,PRRSVUS/USA_KT257956_2014,,PRRSVUS/USA_KY348852_2000

 22 ,30~, 6866, 7339*, 5798, 6271*, 6068, 6541*,^PRRSVUS/CHI_KX815428_2015,PRRSVUS/USA_KY348850_2000,PRRSVUS/USA_KY348849_2001, 9.83001897467063E-05,NS, 6.02584110870609E-04, 1.37760406982012E-03, 6.61253692652375E-05, 1.5696582002226E-06,NS,NS, 4.50671127300839E-03,
 22,,,,,,,,,PRRSVUS/USA_KY348852_2000,

 23 ,31~, 5878, 6352, 4855, 5326, 5083, 5557,PRRSVEU/GER_KT344816_2009,Unknown (PRRSVEU/FRA_KY767026_2014),PRRSVEU/KOR_KT033457_2007, 5.0078312833071E-03,NS, 2.33525639826454E-03, 1.1027972891892E-04, 1.53918209500228E-05, 3.34811029675506E-03,NS,NS, 1.98632128867171E-06,
 23,,,,,,,,,Unknown(PRRSVEU/CHI_GU047344_2006),PRRSVEU/KOR_FJ349261_2007
 23,,,,,,,,,Unknown(PRRSVEU/DEN_KC862567_2011),
 23,,,,,,,,,Unknown(PRRSVEU/DEN_KC862568_2010),
 23,,,,,,,,,Unknown(PRRSVEU/DEN_KC862574_2012),
 23,,,,,,,,,Unknown(PRRSVEU/HUN_KR296711_2011),
 23,,,,,,,,,Unknown(PRRSVEU/Lelystad_M96262_1991),
 23,,,,,,,,,Unknown(PRRSVEU/NET_KF991509_1996),
 23,,,,,,,,,Unknown(PRRSVEU/USA_KU131560_2003),

 24 ,33~, 4458, 5400, 3441, 4380, 3672, 4605,^PRRSVEU/GER_KT344816_2009,PRRSVEU/Lelystad_M96262_1991,PRRSVEU/KOR_KT033457_2007, 2.7379527336305E-04,NS, 4.36077607543082E-02, 1.43952938418906E-03, 1.17414259386747E-05, 2.17823236342984E-05,NS,NS, 4.29721052486176E-06,
 24,,,,,,,,,PRRSVEU/HUN_KR296711_2011,PRRSVEU/KOR_FJ349261_2007

 25 ,35~, 7587, 7876, 6501, 6760, 6789, 7045,^PRRSVEU/KOR_FJ349261_2007,PRRSVEU/DEN_KC862568_2010,Unknown (PRRSVEU/SPA_KF203132_1991), 4.89764763145746E-05, 1.72338305401164E-02,NS, 1.18182718189391E-02,NS, 2.64195068952738E-04,NS,NS, 3.48832651267872E-02,
 25,,,,,,,,PRRSVEU/KOR_KT033457_2007,PRRSVEU/Lelystad_M96262_1991,Unknown(PRRSVEU/SPA_KC862570_1991)
 25,,,,,,,,,PRRSVEU/NET_KF991509_1996,

 26 ,44~, 6816, 7328*, 5748, 6260*, 6018, 6530*,^PRRSVUS/CHI_KX815423_2015,PRRSVUS/USA_KY348850_2000,Unknown (PRRSVUS/USA_KY348849_2001), 1.42021518908794E-02,NS,NS, 4.33512100932068E-02, 8.44034424549639E-04, 1.89966505339609E-02,NS,NS, 1.27239836479165E-03,

 27 ,46~, 8065, 8205, 6898, 7008, 7222, 7362,^PRRSVUS/CHI_KX766379_2016,Unknown (PRRSVUS/CHI_KX815428_2015),PRRSVUS/USA_KT257956_2014,NS, .024086399830215, .00418631521788,NS,NS, 6.17476013187515E-12,NS,NS,NS,

~            = It is possible that this apparent recombination signal could have been caused by an evolutionary
               process other than recombination.
*            = The actual breakpoint position is undetermined (it was most likely either overprinted by a subsequent 
               recombination event or off the edges of the analysed sequence fragments).
^            = The recombinant sequence may have been misidentified (one of the identified parents might be the recombinant)
Minor Parent = Parent contributing the smaller fraction of sequence.
Major Parent = Parent contributing the larger fraction of sequence.
Unknown      = Only one parent and a recombinant need be in the alignment for a recombination event to be detectable.
               The sequence listed as unknown was used to infer the existance of a missing parental sequence.
NS           = No significant P-value was recorded for this recombination event using the particular method in question.
