Table key:
~            = It is possible that this apparent recombination signal could have been caused by an evolutionary
               process other than recombination.
*            = The actual breakpoint position is undetermined (it was most likely either overprinted by a subsequent 
               recombination event or off the edges of the analysed sequence fragments).
^            = The recombinant sequence may have been misidentified (one of the identified parents might be the recombinant)
Minor Parent = Parent contributing the smaller fraction of sequence.
Major Parent = Parent contributing the larger fraction of sequence.
Unknown      = Only one parent and a recombinant need be in the alignment for a recombination event to be detectable.
               The sequence listed as unknown was used to infer the existance of a missing parental sequence.
NS           = No significant P-value was recorded for this recombination event using the particular method in question.

,,,Breakpoint Positions
,,In Alignment, ,In Recombinant Sequence, ,Relative to MgAV1/MN242368_2016,,, , , , , , Detection Methods
Recombination Event Number, Number In .RDP File, Begin, End,Begin, End,Begin, End, Recombinant Sequence(s), Minor Parental Sequence(s), Major Parental Sequence(s), RDP, GENECONV, Bootscan, Maxchi, Chimaera, SiSscan,PhylPro, LARD, 3Seq
 1 ,1, 4390, 1750, 4354, 1747, 4357, 1747,^PRRSVEU/CHI_JX187609_2011,PRRSVEU/CHI_GU047344_2006,PRRSVEU/CHI_KY363382_2016,NS, 1.05406294997372E-25, 9.31746355403235E-27, 1.97491032058909E-16, 3.01321216404946E-08, 9.26143801239941E-27,NS,NS, 1.15998579519605E-07,

 2 ,2, 4370, 1040, 4334, 1037, 4337, 1037,PRRSVEU/FRA_KY767026_2014,PRRSVEU/NET_KF991509_1996,PRRSVEU/SPA_KC862570_1991, 2.00240543102371E-20, 2.5113004432905E-18, 2.01410193899677E-20, 2.17345950800116E-07, 6.60035227547057E-09, 3.28849383912535E-10,NS,NS, 2.11614272993766E-26,

 3 ,3, 2349, 4388, 2346, 4373, 2346, 4355,^PRRSVUS/USA_KY348849_2001,PRRSVUS/USA_KY348852_2000,Unknown (PRRSVUS/DEN_KC862579_2010),NS, 3.25834260297709E-18, 8.80107359961392E-20, 9.15962721092185E-16, 3.86812176742868E-13, 6.15433900781631E-28,NS,NS, 5.98182293587435E-07,
 3,,,,,,,,,PRRSVUS/USA_KY348850_2000,

 4 ,4, 326, 2736, 323, 2733, 323, 2733,PRRSVEU/CHI_KT224385_2014,PRRSVEU/SPA_KC862570_1991,PRRSVEU/CHI_GU047344_2006, 3.6665471936055E-10, 1.1942722118569E-04, 5.23753244653994E-08, 5.53879784830135E-14, 3.51090433420982E-06, 5.00073723452114E-22,NS,NS, 6.31264076601434E-03,

 5 ,5, 1148, 1755, 1145, 1752, 1145, 1752,PRRSVUS/USA_KY348849_2001,PRRSVUS/USA_KT257944_2014,Unknown (PRRSVUS/USA_KT257956_2014), 2.28271181053214E-07, 2.42241027470855E-11, 3.27410569747598E-08, 2.92216017868025E-09, 9.95869382091673E-05, 1.59683643900617E-15,NS,NS, 3.8985352524179E-04,
 5,,,,,,,,,PRRSVUS/CHI_FJ899592_2003,
 5,,,,,,,,,PRRSVUS/CHI_JN864948_2007,
 5,,,,,,,,,PRRSVUS/CHI_JX857698_2011,
 5,,,,,,,,,PRRSVUS/CHI_KF771273_2011,
 5,,,,,,,,,PRRSVUS/DEN_KC862576_1997,
 5,,,,,,,,,PRRSVUS/DEN_KC862577_2011,
 5,,,,,,,,,PRRSVUS/DEN_KC862578_2004,
 5,,,,,,,,,PRRSVUS/DEN_KC862580_2010,
 5,,,,,,,,,PRRSVUS/DEN_KC862581_2010,
 5,,,,,,,,,PRRSVUS/DEN_KC862583_2010,
 5,,,,,,,,,PRRSVUS/DEN_KF183946_2010,
 5,,,,,,,,,PRRSVUS/DEN_KF183947_2011,
 5,,,,,,,,,PRRSVUS/KOR_AY585241_1997,
 5,,,,,,,,,PRRSVUS/USA_AF046869_1997,
 5,,,,,,,,,PRRSVUS/USA_JQ087873_2010,
 5,,,,,,,,,PRRSVUS/USA_KC469618_1995,
 5,,,,,,,,,PRRSVUS/USA_KT257945_2014,
 5,,,,,,,,,PRRSVUS/USA_KT257946_2014,
 5,,,,,,,,,PRRSVUS/USA_KT257947_2014,
 5,,,,,,,,,PRRSVUS/USA_KU131564_1995,
 5,,,,,,,,,PRRSVUS/USA_KX462792_2012,
 5,,,,,,,,,PRRSVUS/VR2332/EF536003_1990,

 6 ,7, 3230, 411, 3224, 408, 3224, 408,^PRRSVUS/USA_KY348848_2004,Unknown (PRRSVUS/USA_KY348850_2000),PRRSVUS/CHI_KX815428_2015,NS,NS, 7.25041337715735E-09, 1.00513028438298E-10, 2.84319586792613E-13, 1.37248236726139E-04,NS,NS, 1.78121352889526E-07,
 6,,,,,,,,,Unknown(PRRSVUS/USA_KY348852_2000),

 7 ,8~, 3712, 4268, 3703, 4253, 3703, 4241,^PRRSVUS/USA_KY348850_2000,PRRSVUS/CHI_KX815423_2015,PRRSVUS/DEN_KF183946_2010, 2.165712480565E-07,NS, 3.98648821927879E-07, 4.34960644284263E-04, 7.77140183382037E-04, 3.58901260634136E-03,NS,NS, 1.92805302157151E-06,
 7,,,,,,,,PRRSVUS/USA_KY348849_2001,,PRRSVUS/CHI_FJ899592_2003
 7,,,,,,,,PRRSVUS/USA_KY348852_2000,,PRRSVUS/CHI_JN864948_2007
 7,,,,,,,,,,PRRSVUS/CHI_JX857698_2011
 7,,,,,,,,,,PRRSVUS/DEN_KC862575_2012
 7,,,,,,,,,,PRRSVUS/DEN_KC862576_1997
 7,,,,,,,,,,PRRSVUS/DEN_KC862577_2011
 7,,,,,,,,,,PRRSVUS/DEN_KC862578_2004
 7,,,,,,,,,,PRRSVUS/DEN_KC862580_2010
 7,,,,,,,,,,PRRSVUS/DEN_KC862581_2010
 7,,,,,,,,,,PRRSVUS/DEN_KC862582_2008
 7,,,,,,,,,,PRRSVUS/DEN_KC862583_2010
 7,,,,,,,,,,PRRSVUS/DEN_KC862584_2003
 7,,,,,,,,,,PRRSVUS/DEN_KC862585_2004
 7,,,,,,,,,,PRRSVUS/DEN_KF183947_2011
 7,,,,,,,,,,PRRSVUS/KOR_AY585241_1997
 7,,,,,,,,,,PRRSVUS/USA_AF046869_1997
 7,,,,,,,,,,PRRSVUS/USA_JQ087873_2010
 7,,,,,,,,,,PRRSVUS/USA_KC469618_1995
 7,,,,,,,,,,PRRSVUS/USA_KT257944_2014
 7,,,,,,,,,,PRRSVUS/USA_KT257945_2014
 7,,,,,,,,,,PRRSVUS/USA_KT257946_2014
 7,,,,,,,,,,PRRSVUS/USA_KT257947_2014
 7,,,,,,,,,,PRRSVUS/USA_KU131564_1995
 7,,,,,,,,,,PRRSVUS/USA_KX462792_2012
 7,,,,,,,,,,PRRSVUS/USA_KY348851_2000
 7,,,,,,,,,,PRRSVUS/VR2332/EF536003_1990

~            = It is possible that this apparent recombination signal could have been caused by an evolutionary
               process other than recombination.
*            = The actual breakpoint position is undetermined (it was most likely either overprinted by a subsequent 
               recombination event or off the edges of the analysed sequence fragments).
^            = The recombinant sequence may have been misidentified (one of the identified parents might be the recombinant)
Minor Parent = Parent contributing the smaller fraction of sequence.
Major Parent = Parent contributing the larger fraction of sequence.
Unknown      = Only one parent and a recombinant need be in the alignment for a recombination event to be detectable.
               The sequence listed as unknown was used to infer the existance of a missing parental sequence.
NS           = No significant P-value was recorded for this recombination event using the particular method in question.
