Table key:
~            = It is possible that this apparent recombination signal could have been caused by an evolutionary
               process other than recombination.
*            = The actual breakpoint position is undetermined (it was most likely either overprinted by a subsequent 
               recombination event or off the edges of the analysed sequence fragments).
^            = The recombinant sequence may have been misidentified (one of the identified parents might be the recombinant)
Minor Parent = Parent contributing the smaller fraction of sequence.
Major Parent = Parent contributing the larger fraction of sequence.
Unknown      = Only one parent and a recombinant need be in the alignment for a recombination event to be detectable.
               The sequence listed as unknown was used to infer the existance of a missing parental sequence.
NS           = No significant P-value was recorded for this recombination event using the particular method in question.

,,,Breakpoint Positions
,,In Alignment, ,In Recombinant Sequence, ,Relative to MgAV1/MN242368_2016,,, , , , , , Detection Methods
Recombination Event Number, Number In .RDP File, Begin, End,Begin, End,Begin, End, Recombinant Sequence(s), Minor Parental Sequence(s), Major Parental Sequence(s), RDP, GENECONV, Bootscan, Maxchi, Chimaera, SiSscan,PhylPro, LARD, 3Seq
 1 ,2~, 642, 81, 570, 21, 603, 54,^RAV/NC_032987_2015,Unknown (PRRSVUS/CHI_KX815423_2015),PRRSVEU/USA_KU131560_2003,NS,NS,NS, 6.53436620109519E-04, 3.98399749590439E-03, 7.09299877062775E-06,NS,NS, 4.17279655323332E-02,
 1,,,,,,,,,Unknown(PRRSVUS/CHI_KX766379_2016),PRRSVEU/CHI_JX187609_2011
 1,,,,,,,,,,PRRSVEU/KOR_KT033457_2007
 1,,,,,,,,,,PRRSVEU/RUS_KX668221_WestSib13_2013
 1,,,,,,,,,,PRRSVEU/SPA_KF203132_1991
 1,,,,,,,,,,PRRSVEU/SUI_KX622783_2012

~            = It is possible that this apparent recombination signal could have been caused by an evolutionary
               process other than recombination.
*            = The actual breakpoint position is undetermined (it was most likely either overprinted by a subsequent 
               recombination event or off the edges of the analysed sequence fragments).
^            = The recombinant sequence may have been misidentified (one of the identified parents might be the recombinant)
Minor Parent = Parent contributing the smaller fraction of sequence.
Major Parent = Parent contributing the larger fraction of sequence.
Unknown      = Only one parent and a recombinant need be in the alignment for a recombination event to be detectable.
               The sequence listed as unknown was used to infer the existance of a missing parental sequence.
NS           = No significant P-value was recorded for this recombination event using the particular method in question.
