Table key:
~            = It is possible that this apparent recombination signal could have been caused by an evolutionary
               process other than recombination.
*            = The actual breakpoint position is undetermined (it was most likely either overprinted by a subsequent 
               recombination event or off the edges of the analysed sequence fragments).
^            = The recombinant sequence may have been misidentified (one of the identified parents might be the recombinant)
Minor Parent = Parent contributing the smaller fraction of sequence.
Major Parent = Parent contributing the larger fraction of sequence.
Unknown      = Only one parent and a recombinant need be in the alignment for a recombination event to be detectable.
               The sequence listed as unknown was used to infer the existance of a missing parental sequence.
NS           = No significant P-value was recorded for this recombination event using the particular method in question.

,,,Breakpoint Positions
,,In Alignment, ,In Recombinant Sequence, ,Relative to APRAV1/NC_026439_2010,,, , , , , , Detection Methods
Recombination Event Number, Number In .RDP File, Begin, End,Begin, End,Begin, End, Recombinant Sequence(s), Minor Parental Sequence(s), Major Parental Sequence(s), RDP, GENECONV, Bootscan, Maxchi, Chimaera, SiSscan,PhylPro, LARD, 3Seq
 1 ,6, 1070, 266, 668, 176, 735, 182,^PRRSVEU/DEN_KC862573_2008,PRRSVEU/DEN_KC862569_2011,PRRSVEU/DEN_KC862571_2003,NS, 3.20861197901205E-02,NS, 1.45416985776996E-04, 7.38083788839717E-03, 1.87309253479963E-07,NS,NS,NS,

 2 ,10~, 688, 854, 400, 455, 523, 572,^PRRSVEU/BEL_KT159248_2013,PRRSVUS/CHI_KX766379_2016,Unknown (PRRSVUS/HUN_KM514315_2012), 8.82339351142609E-03,NS,NS,NS,NS, 1.76907421331384E-16,NS,NS,NS,

~            = It is possible that this apparent recombination signal could have been caused by an evolutionary
               process other than recombination.
*            = The actual breakpoint position is undetermined (it was most likely either overprinted by a subsequent 
               recombination event or off the edges of the analysed sequence fragments).
^            = The recombinant sequence may have been misidentified (one of the identified parents might be the recombinant)
Minor Parent = Parent contributing the smaller fraction of sequence.
Major Parent = Parent contributing the larger fraction of sequence.
Unknown      = Only one parent and a recombinant need be in the alignment for a recombination event to be detectable.
               The sequence listed as unknown was used to infer the existance of a missing parental sequence.
NS           = No significant P-value was recorded for this recombination event using the particular method in question.
