Table key:
~            = It is possible that this apparent recombination signal could have been caused by an evolutionary
               process other than recombination.
*            = The actual breakpoint position is undetermined (it was most likely either overprinted by a subsequent 
               recombination event or off the edges of the analysed sequence fragments).
^            = The recombinant sequence may have been misidentified (one of the identified parents might be the recombinant)
Minor Parent = Parent contributing the smaller fraction of sequence.
Major Parent = Parent contributing the larger fraction of sequence.
Unknown      = Only one parent and a recombinant need be in the alignment for a recombination event to be detectable.
               The sequence listed as unknown was used to infer the existance of a missing parental sequence.
NS           = No significant P-value was recorded for this recombination event using the particular method in question.

,,,Breakpoint Positions
,,In Alignment, ,In Recombinant Sequence, ,Relative to MgAV1/MN242368_2016,,, , , , , , Detection Methods
Recombination Event Number, Number In .RDP File, Begin, End,Begin, End,Begin, End, Recombinant Sequence(s), Minor Parental Sequence(s), Major Parental Sequence(s), RDP, GENECONV, Bootscan, Maxchi, Chimaera, SiSscan,PhylPro, LARD, 3Seq
 1 ,3~, 1106, 1142, 704, 737, 795, 795,PRRSVEU/CHI_JX187609_2011,PRRSVUS/DEN_KC862585_2004,PRRSVEU/FRA_KY366411_2005, 8.95699036880228E-06, 7.09154269341775E-04,NS, 1.57200717805566E-02,NS,NS,NS,NS, 2.43636028584275E-02,
 1,,,,,,,,,PRRSVUS/CHI_FJ899592_2003,
 1,,,,,,,,,PRRSVUS/CHI_JN864948_2007,
 1,,,,,,,,,PRRSVUS/CHI_JX857698_2011,
 1,,,,,,,,,PRRSVUS/CHI_KF771273_2011,
 1,,,,,,,,,PRRSVUS/DEN_KC862575_2012,
 1,,,,,,,,,PRRSVUS/DEN_KC862576_1997,
 1,,,,,,,,,PRRSVUS/DEN_KC862577_2011,
 1,,,,,,,,,PRRSVUS/DEN_KC862578_2004,
 1,,,,,,,,,PRRSVUS/DEN_KC862579_2010,
 1,,,,,,,,,PRRSVUS/DEN_KC862580_2010,
 1,,,,,,,,,PRRSVUS/DEN_KC862581_2010,
 1,,,,,,,,,PRRSVUS/DEN_KC862582_2008,
 1,,,,,,,,,PRRSVUS/DEN_KC862583_2010,
 1,,,,,,,,,PRRSVUS/DEN_KC862584_2003,
 1,,,,,,,,,PRRSVUS/DEN_KF183946_2010,
 1,,,,,,,,,PRRSVUS/DEN_KF183947_2011,
 1,,,,,,,,,PRRSVUS/KOR_AY585241_1997,
 1,,,,,,,,,PRRSVUS/USA_AF046869_1997,
 1,,,,,,,,,PRRSVUS/USA_JQ087873_2010,
 1,,,,,,,,,PRRSVUS/USA_KC469618_1995,
 1,,,,,,,,,PRRSVUS/USA_KT257944_2014,
 1,,,,,,,,,PRRSVUS/USA_KT257945_2014,
 1,,,,,,,,,PRRSVUS/USA_KT257946_2014,
 1,,,,,,,,,PRRSVUS/USA_KT257947_2014,
 1,,,,,,,,,PRRSVUS/USA_KU131564_1995,
 1,,,,,,,,,PRRSVUS/USA_KX462792_2012,
 1,,,,,,,,,PRRSVUS/USA_KY348850_2000,
 1,,,,,,,,,PRRSVUS/USA_KY348851_2000,
 1,,,,,,,,,PRRSVUS/VR2332/EF536003_1990,

~            = It is possible that this apparent recombination signal could have been caused by an evolutionary
               process other than recombination.
*            = The actual breakpoint position is undetermined (it was most likely either overprinted by a subsequent 
               recombination event or off the edges of the analysed sequence fragments).
^            = The recombinant sequence may have been misidentified (one of the identified parents might be the recombinant)
Minor Parent = Parent contributing the smaller fraction of sequence.
Major Parent = Parent contributing the larger fraction of sequence.
Unknown      = Only one parent and a recombinant need be in the alignment for a recombination event to be detectable.
               The sequence listed as unknown was used to infer the existance of a missing parental sequence.
NS           = No significant P-value was recorded for this recombination event using the particular method in question.
