Table key:
~            = It is possible that this apparent recombination signal could have been caused by an evolutionary
               process other than recombination.
*            = The actual breakpoint position is undetermined (it was most likely either overprinted by a subsequent 
               recombination event or off the edges of the analysed sequence fragments).
^            = The recombinant sequence may have been misidentified (one of the identified parents might be the recombinant)
Minor Parent = Parent contributing the smaller fraction of sequence.
Major Parent = Parent contributing the larger fraction of sequence.
Unknown      = Only one parent and a recombinant need be in the alignment for a recombination event to be detectable.
               The sequence listed as unknown was used to infer the existance of a missing parental sequence.
NS           = No significant P-value was recorded for this recombination event using the particular method in question.

,,,Breakpoint Positions
,,In Alignment, ,In Recombinant Sequence, ,Relative to APRAV1/NC_026439_2010,,, , , , , , Detection Methods
Recombination Event Number, Number In .RDP File, Begin, End,Begin, End,Begin, End, Recombinant Sequence(s), Minor Parental Sequence(s), Major Parental Sequence(s), RDP, GENECONV, Bootscan, Maxchi, Chimaera, SiSscan,PhylPro, LARD, 3Seq
 1 ,6~, 176, 228, 101, 153, 155, 198,^KKCBV1/NC_029053_2012,PRRSVUS/CHI_KX815428_2015,MYBV/NC_025112_1986,NS,NS,NS, 1.89791577145999E-03,NS, 3.98679195791992E-19,NS,NS,NS,
 1,,,,,,,,,PRRSVUS/CHI_FJ899592_2003,
 1,,,,,,,,,PRRSVUS/CHI_JN864948_2007,
 1,,,,,,,,,PRRSVUS/CHI_JX857698_2011,
 1,,,,,,,,,PRRSVUS/DEN_KC862575_2012,
 1,,,,,,,,,PRRSVUS/DEN_KC862576_1997,
 1,,,,,,,,,PRRSVUS/DEN_KC862577_2011,
 1,,,,,,,,,PRRSVUS/DEN_KC862578_2004,
 1,,,,,,,,,PRRSVUS/DEN_KC862579_2010,
 1,,,,,,,,,PRRSVUS/DEN_KC862580_2010,
 1,,,,,,,,,PRRSVUS/DEN_KC862581_2010,
 1,,,,,,,,,PRRSVUS/DEN_KC862582_2008,
 1,,,,,,,,,PRRSVUS/DEN_KC862583_2010,
 1,,,,,,,,,PRRSVUS/DEN_KC862584_2003,
 1,,,,,,,,,PRRSVUS/DEN_KF183946_2010,
 1,,,,,,,,,PRRSVUS/DEN_KF183947_2011,
 1,,,,,,,,,PRRSVUS/KOR_AY585241_1997,
 1,,,,,,,,,PRRSVUS/USA_AF046869_1997,
 1,,,,,,,,,PRRSVUS/USA_JQ087873_2010,
 1,,,,,,,,,PRRSVUS/USA_KC469618_1995,
 1,,,,,,,,,PRRSVUS/USA_KT257944_2014,
 1,,,,,,,,,PRRSVUS/USA_KT257945_2014,
 1,,,,,,,,,PRRSVUS/USA_KT257946_2014,
 1,,,,,,,,,PRRSVUS/USA_KT257947_2014,
 1,,,,,,,,,PRRSVUS/USA_KU131564_1995,
 1,,,,,,,,,PRRSVUS/USA_KX462792_2012,
 1,,,,,,,,,PRRSVUS/USA_KY348851_2000,
 1,,,,,,,,,PRRSVUS/USA_KY348852_2000,
 1,,,,,,,,,PRRSVUS/VR2332/EF536003_1990,

 2 ,10~, 32, 142, 14, 55, 20, 121,^PRRSVEU/ITA_MF346695_2014,Unknown (MgAV1/MN242368_2016),PRRSVEU/BEL_JF802085_lena_2007,NS,NS,NS, 2.59421293123119E-02,NS, 3.26143585839841E-21,NS,NS,NS,

~            = It is possible that this apparent recombination signal could have been caused by an evolutionary
               process other than recombination.
*            = The actual breakpoint position is undetermined (it was most likely either overprinted by a subsequent 
               recombination event or off the edges of the analysed sequence fragments).
^            = The recombinant sequence may have been misidentified (one of the identified parents might be the recombinant)
Minor Parent = Parent contributing the smaller fraction of sequence.
Major Parent = Parent contributing the larger fraction of sequence.
Unknown      = Only one parent and a recombinant need be in the alignment for a recombination event to be detectable.
               The sequence listed as unknown was used to infer the existance of a missing parental sequence.
NS           = No significant P-value was recorded for this recombination event using the particular method in question.
